{
    "emir.tif": {
        "time": 5.964064121246338,
        "rShift": [
            88,
            44
        ],
        "gShift": [
            49,
            24
        ]
    },
    "monastery.jpg": {
        "time": 0.7105569839477539,
        "rShift": [
            3,
            2
        ],
        "gShift": [
            -3,
            2
        ]
    },
    "three_generations.tif": {
        "time": 5.4106059074401855,
        "rShift": [
            111,
            10
        ],
        "gShift": [
            53,
            14
        ]
    },
    "settlers.jpg": {
        "time": 0.6848559379577637,
        "rShift": [
            14,
            -1
        ],
        "gShift": [
            7,
            0
        ]
    },
    "train.tif": {
        "time": 5.933358192443848,
        "rShift": [
            87,
            31
        ],
        "gShift": [
            42,
            5
        ]
    },
    "icon.tif": {
        "time": 5.742985963821411,
        "rShift": [
            89,
            23
        ],
        "gShift": [
            40,
            17
        ]
    },
    "nativity.jpg": {
        "time": 0.7176320552825928,
        "rShift": [
            7,
            1
        ],
        "gShift": [
            3,
            1
        ]
    },
    "cathedral.jpg": {
        "time": 0.6798610687255859,
        "rShift": [
            12,
            3
        ],
        "gShift": [
            5,
            2
        ]
    },
    "village.tif": {
        "time": 6.2264649868011475,
        "rShift": [
            137,
            22
        ],
        "gShift": [
            65,
            12
        ]
    },
    "self_portrait.tif": {
        "time": 5.396038055419922,
        "rShift": [
            174,
            35
        ],
        "gShift": [
            78,
            28
        ]
    },
    "harvesters.tif": {
        "time": 5.377420902252197,
        "rShift": [
            124,
            13
        ],
        "gShift": [
            59,
            16
        ]
    },
    "lady.tif": {
        "time": 5.573373079299927,
        "rShift": [
            113,
            11
        ],
        "gShift": [
            47,
            8
        ]
    },
    "turkmen.tif": {
        "time": 5.9747068881988525,
        "rShift": [
            115,
            26
        ],
        "gShift": [
            55,
            18
        ]
    }
}