{
    "emir.tif": {
        "time": 4.835935115814209,
        "rShift": [
            88,
            44
        ],
        "gShift": [
            49,
            24
        ]
    },
    "three_generations.tif": {
        "time": 5.052601099014282,
        "rShift": [
            111,
            10
        ],
        "gShift": [
            53,
            14
        ]
    },
    "train.tif": {
        "time": 5.306376934051514,
        "rShift": [
            87,
            31
        ],
        "gShift": [
            42,
            5
        ]
    },
    "icon.tif": {
        "time": 4.459422826766968,
        "rShift": [
            89,
            23
        ],
        "gShift": [
            40,
            17
        ]
    },
    "village.tif": {
        "time": 4.479184865951538,
        "rShift": [
            137,
            22
        ],
        "gShift": [
            65,
            12
        ]
    },
    "self_portrait.tif": {
        "time": 4.60003924369812,
        "rShift": [
            174,
            35
        ],
        "gShift": [
            78,
            28
        ]
    },
    "harvesters.tif": {
        "time": 4.211468935012817,
        "rShift": [
            124,
            13
        ],
        "gShift": [
            59,
            16
        ]
    },
    "lady.tif": {
        "time": 4.911221027374268,
        "rShift": [
            113,
            11
        ],
        "gShift": [
            47,
            8
        ]
    },
    "turkmen.tif": {
        "time": 5.239207983016968,
        "rShift": [
            115,
            26
        ],
        "gShift": [
            55,
            18
        ]
    }
}