{
    "emir.tif": {
        "time": 4.496629953384399,
        "rShift": [
            88,
            44
        ],
        "gShift": [
            49,
            24
        ]
    },
    "monastery.jpg": {
        "time": 0.6905362606048584,
        "rShift": [
            3,
            2
        ],
        "gShift": [
            -3,
            2
        ]
    },
    "three_generations.tif": {
        "time": 4.469908952713013,
        "rShift": [
            111,
            10
        ],
        "gShift": [
            53,
            14
        ]
    },
    "settlers.jpg": {
        "time": 0.6668691635131836,
        "rShift": [
            14,
            -1
        ],
        "gShift": [
            7,
            0
        ]
    },
    "train.tif": {
        "time": 4.445415258407593,
        "rShift": [
            87,
            31
        ],
        "gShift": [
            42,
            5
        ]
    },
    "icon.tif": {
        "time": 4.469516038894653,
        "rShift": [
            89,
            23
        ],
        "gShift": [
            40,
            17
        ]
    },
    "nativity.jpg": {
        "time": 0.6579558849334717,
        "rShift": [
            7,
            1
        ],
        "gShift": [
            3,
            1
        ]
    },
    "cathedral.jpg": {
        "time": 0.6318609714508057,
        "rShift": [
            12,
            3
        ],
        "gShift": [
            5,
            2
        ]
    },
    "village.tif": {
        "time": 4.535382032394409,
        "rShift": [
            137,
            22
        ],
        "gShift": [
            65,
            12
        ]
    },
    "self_portrait.tif": {
        "time": 4.399574041366577,
        "rShift": [
            174,
            35
        ],
        "gShift": [
            78,
            28
        ]
    },
    "harvesters.tif": {
        "time": 4.071120738983154,
        "rShift": [
            124,
            13
        ],
        "gShift": [
            59,
            16
        ]
    },
    "lady.tif": {
        "time": 4.287548303604126,
        "rShift": [
            113,
            11
        ],
        "gShift": [
            47,
            8
        ]
    },
    "turkmen.tif": {
        "time": 4.228047847747803,
        "rShift": [
            115,
            26
        ],
        "gShift": [
            55,
            18
        ]
    }
}