{
    "monastery.jpg": {
        "time": 0.5383400917053223,
        "rShift": [
            3,
            2
        ],
        "gShift": [
            -3,
            2
        ]
    },
    "settlers.jpg": {
        "time": 0.5360279083251953,
        "rShift": [
            14,
            -1
        ],
        "gShift": [
            7,
            0
        ]
    },
    "nativity.jpg": {
        "time": 0.5295460224151611,
        "rShift": [
            7,
            1
        ],
        "gShift": [
            3,
            1
        ]
    },
    "cathedral.jpg": {
        "time": 0.528925895690918,
        "rShift": [
            12,
            3
        ],
        "gShift": [
            5,
            2
        ]
    }
}