{
    "emir.tif": {
        "time": 4.595568895339966,
        "rShift": [
            107,
            40
        ],
        "gShift": [
            49,
            24
        ]
    },
    "three_generations.tif": {
        "time": 4.609576940536499,
        "rShift": [
            114,
            12
        ],
        "gShift": [
            56,
            16
        ]
    },
    "train.tif": {
        "time": 4.686554193496704,
        "rShift": [
            85,
            29
        ],
        "gShift": [
            41,
            0
        ]
    },
    "icon.tif": {
        "time": 4.780092716217041,
        "rShift": [
            90,
            23
        ],
        "gShift": [
            39,
            16
        ]
    },
    "village.tif": {
        "time": 4.860044002532959,
        "rShift": [
            138,
            22
        ],
        "gShift": [
            67,
            13
        ]
    },
    "self_portrait.tif": {
        "time": 4.830459117889404,
        "rShift": [
            174,
            36
        ],
        "gShift": [
            77,
            29
        ]
    },
    "harvesters.tif": {
        "time": 4.735769987106323,
        "rShift": [
            124,
            14
        ],
        "gShift": [
            60,
            17
        ]
    },
    "lady.tif": {
        "time": 4.696741819381714,
        "rShift": [
            120,
            13
        ],
        "gShift": [
            57,
            9
        ]
    },
    "turkmen.tif": {
        "time": 4.544533014297485,
        "rShift": [
            117,
            29
        ],
        "gShift": [
            57,
            22
        ]
    }
}