{
    "emir.tif": {
        "time": 4.814697980880737,
        "rShift": [
            88,
            44
        ],
        "gShift": [
            49,
            24
        ]
    },
    "three_generations.tif": {
        "time": 4.818206787109375,
        "rShift": [
            111,
            10
        ],
        "gShift": [
            53,
            14
        ]
    },
    "train.tif": {
        "time": 4.779483079910278,
        "rShift": [
            87,
            31
        ],
        "gShift": [
            42,
            5
        ]
    },
    "icon.tif": {
        "time": 4.788362979888916,
        "rShift": [
            89,
            23
        ],
        "gShift": [
            40,
            17
        ]
    },
    "village.tif": {
        "time": 5.078392028808594,
        "rShift": [
            137,
            22
        ],
        "gShift": [
            65,
            12
        ]
    },
    "self_portrait.tif": {
        "time": 4.990517854690552,
        "rShift": [
            174,
            35
        ],
        "gShift": [
            78,
            28
        ]
    },
    "harvesters.tif": {
        "time": 4.583314895629883,
        "rShift": [
            124,
            13
        ],
        "gShift": [
            59,
            16
        ]
    },
    "lady.tif": {
        "time": 4.731882095336914,
        "rShift": [
            113,
            11
        ],
        "gShift": [
            47,
            8
        ]
    },
    "turkmen.tif": {
        "time": 4.195392847061157,
        "rShift": [
            115,
            26
        ],
        "gShift": [
            55,
            18
        ]
    }
}