{
    "emir.tif": {
        "time": 5.221075057983398,
        "rShift": [
            88,
            44
        ],
        "gShift": [
            49,
            24
        ]
    },
    "monastery.jpg": {
        "time": 0.6607890129089355,
        "rShift": [
            3,
            2
        ],
        "gShift": [
            -3,
            2
        ]
    },
    "three_generations.tif": {
        "time": 5.068042039871216,
        "rShift": [
            111,
            10
        ],
        "gShift": [
            53,
            14
        ]
    },
    "settlers.jpg": {
        "time": 0.6702022552490234,
        "rShift": [
            14,
            -1
        ],
        "gShift": [
            7,
            0
        ]
    },
    "train.tif": {
        "time": 4.880446910858154,
        "rShift": [
            87,
            31
        ],
        "gShift": [
            42,
            5
        ]
    },
    "icon.tif": {
        "time": 5.548288106918335,
        "rShift": [
            89,
            23
        ],
        "gShift": [
            40,
            17
        ]
    },
    "nativity.jpg": {
        "time": 0.6735179424285889,
        "rShift": [
            7,
            1
        ],
        "gShift": [
            3,
            1
        ]
    },
    "cathedral.jpg": {
        "time": 0.6715672016143799,
        "rShift": [
            12,
            3
        ],
        "gShift": [
            5,
            2
        ]
    },
    "village.tif": {
        "time": 5.326398134231567,
        "rShift": [
            137,
            22
        ],
        "gShift": [
            65,
            12
        ]
    },
    "self_portrait.tif": {
        "time": 5.007430076599121,
        "rShift": [
            174,
            35
        ],
        "gShift": [
            78,
            28
        ]
    },
    "harvesters.tif": {
        "time": 5.149922132492065,
        "rShift": [
            124,
            13
        ],
        "gShift": [
            59,
            16
        ]
    },
    "lady.tif": {
        "time": 4.938529014587402,
        "rShift": [
            113,
            11
        ],
        "gShift": [
            47,
            8
        ]
    },
    "turkmen.tif": {
        "time": 4.575077056884766,
        "rShift": [
            115,
            26
        ],
        "gShift": [
            55,
            18
        ]
    }
}