{
    "monastery.jpg": {
        "time": 0.648129940032959,
        "rShift": [
            3,
            2
        ],
        "gShift": [
            -3,
            2
        ]
    },
    "settlers.jpg": {
        "time": 0.6389961242675781,
        "rShift": [
            14,
            -1
        ],
        "gShift": [
            7,
            0
        ]
    },
    "nativity.jpg": {
        "time": 0.6421599388122559,
        "rShift": [
            7,
            1
        ],
        "gShift": [
            3,
            1
        ]
    },
    "cathedral.jpg": {
        "time": 0.6328089237213135,
        "rShift": [
            12,
            3
        ],
        "gShift": [
            5,
            2
        ]
    }
}