{
    "monastery.jpg": {
        "time": 0.65854811668396,
        "rShift": [
            3,
            2
        ],
        "gShift": [
            -3,
            2
        ]
    },
    "settlers.jpg": {
        "time": 0.6578149795532227,
        "rShift": [
            14,
            -1
        ],
        "gShift": [
            7,
            0
        ]
    },
    "nativity.jpg": {
        "time": 0.6358578205108643,
        "rShift": [
            7,
            1
        ],
        "gShift": [
            3,
            1
        ]
    },
    "cathedral.jpg": {
        "time": 0.6209850311279297,
        "rShift": [
            12,
            3
        ],
        "gShift": [
            5,
            2
        ]
    }
}