{
    "monastery.jpg": {
        "time": 0.6541187763214111,
        "rShift": [
            3,
            2
        ],
        "gShift": [
            -3,
            2
        ]
    },
    "settlers.jpg": {
        "time": 0.6479852199554443,
        "rShift": [
            14,
            -1
        ],
        "gShift": [
            7,
            0
        ]
    },
    "nativity.jpg": {
        "time": 0.6520318984985352,
        "rShift": [
            7,
            1
        ],
        "gShift": [
            3,
            1
        ]
    },
    "cathedral.jpg": {
        "time": 0.6435997486114502,
        "rShift": [
            12,
            3
        ],
        "gShift": [
            5,
            2
        ]
    }
}