{
    "emir.tif": {
        "time": 4.8105628490448,
        "rShift": [
            107,
            40
        ],
        "gShift": [
            49,
            24
        ]
    },
    "monastery.jpg": {
        "time": 0.5482439994812012,
        "rShift": [
            3,
            2
        ],
        "gShift": [
            -3,
            2
        ]
    },
    "three_generations.tif": {
        "time": 4.403745174407959,
        "rShift": [
            114,
            12
        ],
        "gShift": [
            56,
            16
        ]
    },
    "settlers.jpg": {
        "time": 0.5532550811767578,
        "rShift": [
            14,
            -1
        ],
        "gShift": [
            7,
            0
        ]
    },
    "train.tif": {
        "time": 4.3690550327301025,
        "rShift": [
            85,
            29
        ],
        "gShift": [
            41,
            0
        ]
    },
    "icon.tif": {
        "time": 4.786441087722778,
        "rShift": [
            90,
            23
        ],
        "gShift": [
            39,
            16
        ]
    },
    "nativity.jpg": {
        "time": 0.562384843826294,
        "rShift": [
            8,
            0
        ],
        "gShift": [
            3,
            1
        ]
    },
    "cathedral.jpg": {
        "time": 0.5283620357513428,
        "rShift": [
            12,
            3
        ],
        "gShift": [
            5,
            2
        ]
    },
    "village.tif": {
        "time": 4.6559858322143555,
        "rShift": [
            138,
            22
        ],
        "gShift": [
            67,
            13
        ]
    },
    "self_portrait.tif": {
        "time": 4.873884201049805,
        "rShift": [
            174,
            36
        ],
        "gShift": [
            77,
            29
        ]
    },
    "harvesters.tif": {
        "time": 4.6767919063568115,
        "rShift": [
            124,
            14
        ],
        "gShift": [
            60,
            17
        ]
    },
    "lady.tif": {
        "time": 4.428508996963501,
        "rShift": [
            120,
            13
        ],
        "gShift": [
            57,
            9
        ]
    },
    "turkmen.tif": {
        "time": 4.504486322402954,
        "rShift": [
            117,
            29
        ],
        "gShift": [
            57,
            22
        ]
    }
}